city,total_revenue
Mumbai,1273.451650
Hyderabad,1120.969175
Pune,1120.763757
Bangalore,1063.273804
Jaipur,1030.201448
Delhi,1025.211264
Kolkata,993.433062
Chennai,992.855358
Surat,890.022409
Ahmedabad,882.183118
